{"cameraMode":{"drawMode":0,"name":"Shaded","section":"Shading Mode"},"sceneLighting":false,"audioPlay":false,"sceneViewState":{"m_AlwaysRefresh":false,"showFog":true,"showSkybox":false,"showFlares":true,"showImageEffects":true,"showParticleSystems":true,"showVisualEffectGraphs":true,"m_FxEnabled":true},"in2DMode":false,"pivot":{"x":0.00006818771362304688,"y":0.8369910717010498,"z":-0.0344541072845459},"rotation":{"x":0.013972358778119088,"y":0.9925830364227295,"z":-0.12748512625694276,"w":0.004082446452230215},"size":1.4291527271270753,"orthographic":false}