{"cameraMode":{"drawMode":0,"name":"Shaded","section":"Shading Mode"},"sceneLighting":false,"audioPlay":false,"sceneViewState":{"m_AlwaysRefresh":false,"showFog":false,"showSkybox":false,"showFlares":false,"showImageEffects":false,"showParticleSystems":false,"showVisualEffectGraphs":true,"m_FxEnabled":true},"in2DMode":false,"pivot":{"x":0.002005636692047119,"y":0.8368388414382935,"z":-0.015557169914245606},"rotation":{"x":-0.008257394656538964,"y":0.9910103678703308,"z":-0.07327880710363388,"w":-0.11165936291217804},"size":1.1864997148513795,"orthographic":false}