{"cameraMode":{"drawMode":0,"name":"Shaded","section":"Shading Mode"},"sceneLighting":false,"audioPlay":false,"sceneViewState":{"m_AlwaysRefresh":false,"showFog":true,"showSkybox":false,"showFlares":true,"showImageEffects":true,"showParticleSystems":true,"showVisualEffectGraphs":true,"m_FxEnabled":true},"in2DMode":false,"pivot":{"x":0.001446455717086792,"y":0.08292293548583985,"z":-0.0014326423406600953},"rotation":{"x":0.20013940334320069,"y":0.13085199892520905,"z":-0.0129049401730299,"w":0.9717835187911987},"size":0.26600754261016848,"orthographic":false}