{"cameraMode":{"drawMode":0,"name":"Shaded","section":"Shading Mode"},"sceneLighting":true,"audioPlay":false,"sceneViewState":{"m_AlwaysRefresh":false,"showFog":true,"showSkybox":true,"showFlares":true,"showImageEffects":true,"showParticleSystems":true,"showVisualEffectGraphs":true,"m_FxEnabled":true},"in2DMode":false,"pivot":{"x":-137.1999969482422,"y":0.28999996185302737,"z":-25.700000762939454},"rotation":{"x":0.2412594109773636,"y":0.22744347155094148,"z":-0.058267418295145038,"w":0.9416574835777283},"size":10.08491325378418,"orthographic":false}