{"cameraMode":{"drawMode":0,"name":"Shaded","section":"Shading Mode"},"sceneLighting":false,"audioPlay":false,"sceneViewState":{"m_AlwaysRefresh":false,"showFog":true,"showSkybox":false,"showFlares":true,"showImageEffects":true,"showParticleSystems":true,"showVisualEffectGraphs":true,"m_FxEnabled":true},"in2DMode":false,"pivot":{"x":-9.164648056030274,"y":4.376338005065918,"z":2.438382625579834},"rotation":{"x":0.0010196433868259192,"y":0.8079496026039124,"z":-0.5891469717025757,"w":-0.05056878551840782},"size":0.8660253882408142,"orthographic":false}