{"cameraMode":{"drawMode":0,"name":"Shaded","section":"Shading Mode"},"sceneLighting":false,"audioPlay":false,"sceneViewState":{"m_AlwaysRefresh":false,"showFog":false,"showSkybox":false,"showFlares":false,"showImageEffects":false,"showParticleSystems":false,"showVisualEffectGraphs":true,"m_FxEnabled":true},"in2DMode":false,"pivot":{"x":0.022660791873931886,"y":0.8461974859237671,"z":-0.02500559389591217},"rotation":{"x":-0.008257394656538964,"y":0.9910103678703308,"z":-0.07327880710363388,"w":-0.11165936291217804},"size":1.266329050064087,"orthographic":false}