{"cameraMode":{"drawMode":0,"name":"Shaded","section":"Shading Mode"},"sceneLighting":false,"audioPlay":false,"sceneViewState":{"m_AlwaysRefresh":false,"showFog":true,"showSkybox":false,"showFlares":true,"showImageEffects":true,"showParticleSystems":true,"showVisualEffectGraphs":true,"m_FxEnabled":true},"in2DMode":false,"pivot":{"x":0.000050067901611328125,"y":0.9053137302398682,"z":-0.08750671148300171},"rotation":{"x":0.013972358778119088,"y":0.9925830364227295,"z":-0.12748512625694276,"w":0.004082446452230215},"size":1.4690691232681275,"orthographic":false}