{"cameraMode":{"drawMode":0,"name":"Shaded","section":"Shading Mode"},"sceneLighting":false,"audioPlay":false,"sceneViewState":{"m_AlwaysRefresh":false,"showFog":true,"showSkybox":false,"showFlares":true,"showImageEffects":true,"showParticleSystems":true,"showVisualEffectGraphs":true,"m_FxEnabled":true},"in2DMode":false,"pivot":{"x":-0.39831680059432986,"y":0.4366403818130493,"z":-0.3929198980331421},"rotation":{"x":0.00807180255651474,"y":-0.9390447735786438,"z":0.3403192162513733,"w":0.06340375542640686},"size":1.073836326599121,"orthographic":false}